vorname,nachname,gender
Régine,Davies,Female
Lén,Hatz,Male
Zhì,Janks,Female
Eloïse,Tomasutti,Female
Lén,Drohane,Female
Léonore,Jersh,Male
Aloïs,Dusey,Female
Faîtes,Sims,Male
Lyséa,Gratrix,Female
Nuó,Dobrovsky,Female
Estève,Yeats,Male
Bérénice,Swinney,Female
Océanne,Sute,Male
Sélène,Hobbert,Male
Andréa,Lockery,Female
Nadège,Hryskiewicz,Female
Hélène,Harrington,Male
Léa,Valente,Male
Amélie,Botterill,Male
Régine,Dursley,Male
Léandre,Devorill,Female
Pål,Menaul,Female
Eléa,Mattiessen,Male
Eloïse,Greensmith,Male
Estève,Kinzel,Male
Marie-françoise,Arnaudet,Female
Esbjörn,Pariso,Female
Gaëlle,Brownhall,Male
Lauréna,Foyster,Male
Réjane,Fairburn,Female
Görel,Wardesworth,Female
Laurélie,Jarrel,Female
Anaël,Clee,Female
Cléa,Matushevitz,Female
Mélia,Agneau,Male
Marlène,Ryton,Female
Wá,Eastman,Female
Judicaël,Pady,Female
Eugénie,Cottrell,Female
Marlène,Yelding,Female
Sélène,Henrot,Female
Zoé,Fawley,Male
Crééz,Guilder,Male
Edmée,Marshallsay,Female
Kuí,Gooms,Male
Gösta,Bovey,Male
Lorène,Helsby,Male
Börje,Glassup,Female
Clélia,Elwel,Male
Maïlys,Passmore,Male
Personnalisée,Ridgway,Male
Léone,Vannikov,Female
Laurène,Pagelsen,Male
Maëline,Southern,Male
Ruò,Plowell,Male
Marlène,Ducham,Male
Mahélie,Whitfeld,Female
Eléa,Tourot,Male
Dorothée,Inchan,Female
Géraldine,Feakins,Male
Danièle,Shayes,Male
Björn,Ealam,Female
Edmée,Sijmons,Male
Géraldine,Begg,Male
Méghane,Raraty,Female
Séréna,Glenn,Female
Océane,Gealle,Female
André,Van Giffen,Male
Maëlys,Musselwhite,Male
Régine,MacLachlan,Male
Adèle,Forsdyke,Female
Gwenaëlle,Clousley,Male
Néhémie,Ganning,Male
Néhémie,Duchart,Male
Joséphine,Craiker,Female
Adélaïde,Crookes,Female
Yóu,Hovard,Male
Táng,Storey,Female
Méline,Durward,Female
Östen,Heggison,Female
Miléna,Whiffin,Female
Agnès,Fouldes,Male
Gaëlle,Weal,Female
Estée,Duffy,Female
Zoé,Storre,Male
Eugénie,Hitzke,Female
Åslög,Asty,Female
Camélia,Penvarne,Male
Anaé,MacCahee,Female
Måns,Tonry,Male
Célestine,Eginton,Female
Sòng,Smeath,Female
Danièle,Edwardes,Female
Maéna,Chatteris,Male
Géraldine,Champken,Male
Clémence,Pinor,Male
Maëlys,Bucklan,Male
Mélia,Christofle,Female
Marie-ève,Oels,Male
Clélia,Castagno,Male
Garçon,Kimble,Male
Mylène,Sirmon,Male
Céline,Prahl,Female
Dà,Carwithim,Female
Maëlys,Cretney,Male
Stéphanie,Fairfoull,Female
Léonie,Loxley,Male
Laurène,Moreinu,Female
Clémence,Yegorshin,Female
Maéna,Tittershill,Female
Yóu,Farnaby,Female
Illustrée,Fedder,Female
Maï,Laborda,Male
Dafnée,Ferentz,Male
Lyséa,Jacobssen,Female
Daphnée,Covington,Female
Léonore,Fife,Female
Cléa,Freear,Female
Lén,McNellis,Female
Björn,Baudic,Male
Maëlyss,Reaveley,Male
Clélia,Roote,Female
Bérénice,Seeking,Female
Garçon,Jaggard,Male
Fèi,Nairns,Male
Nélie,Dumbreck,Male
Méghane,Brolechan,Female
Marlène,Molder,Female
Eugénie,Demetr,Male
Maïté,Sheffield,Male
Ruì,Chasmar,Female
Eléa,McNair,Male
Cléa,Ryder,Male
Mahélie,Fullard,Male
Hélène,Ragge,Male
Nadège,Lossman,Male
Estée,Karlik,Female
Stévina,Caghan,Female
Hélène,Ragot,Female
Aimée,Bodleigh,Male
Eléonore,Dornan,Male
Mégane,De Dantesie,Male
Mélanie,Duigan,Male
Personnalisée,Chishull,Male
Hélèna,Cutchee,Female
Pål,Coldbath,Female
Mélissandre,Doram,Female
Laurélie,Crecy,Female
Loïc,Flockhart,Male
Pénélope,Tingley,Female
Félicie,Isakov,Female
Lyséa,Durden,Female
Lèi,Gorden,Male
Renée,Womersley,Male
Lucrèce,Doree,Male
Gérald,Newcom,Female
Lyséa,MacCahee,Female
Lèi,Blaszczak,Female
Sélène,Meriton,Male
Göran,Goodram,Female
Noémie,Atte-Stone,Male
Yú,Hinkens,Female
Dorothée,Lisamore,Male
Eléa,Daniel,Female
Ráo,Kipping,Female
Danièle,Patton,Male
Géraldine,McMillan,Female
Marie-josée,Maddicks,Male
Cléa,Devaney,Male
Léonore,Soaper,Male
Crééz,Anthiftle,Female
Aí,Quincee,Female
Eliès,Gornall,Male
Björn,Crowther,Male
Dafnée,Gunston,Male
Intéressant,Neissen,Female
Vénus,Lax,Female
Åsa,Massot,Female
Kuí,Beddis,Male
Dorothée,Yakovlev,Male
Loïca,Flack,Female
Lauréna,Favelle,Female
Gérald,Pyatt,Female
Lyséa,Silkstone,Female
Åslög,Stote,Male
Pénélope,Riveles,Female
Naéva,Westmacott,Male
Françoise,Harcase,Male
Mén,Hackett,Male
Mélia,Walenta,Male
Noémie,McCurry,Female
Marie-hélène,Jenoure,Male
Lén,Cornelius,Female
Noémie,Gurden,Female
Gwenaëlle,Simison,Male
Léonie,Durtnal,Male
Annotée,Braine,Male
Inès,McBratney,Female
Lén,Shergold,Female
Hélèna,Rexworthy,Male
Michèle,Osmund,Male
Daphnée,Blackater,Male
Céline,Pach,Male
Pénélope,Rawsthorn,Male
Bérangère,Pomfrett,Male
Estée,Bridger,Female
Liè,Ure,Female
Maéna,Friel,Male
Nuó,Jobb,Female
Stéphanie,Pearle,Female
Athéna,Vasnetsov,Female
Andréanne,Bernardin,Male
Anaïs,Geistbeck,Male
Maïwenn,Ollerenshaw,Female
Eloïse,Hellin,Female
Mylène,Brunskill,Female
Lén,Bridel,Male
Joséphine,Bendon,Female
Renée,Longmead,Female
Björn,Naptin,Male
Aimée,Maryska,Female
Mélanie,Hulmes,Male
Kuí,Lampe,Male
Cléopatre,Spraberry,Male
Marie-josée,Leveritt,Female
Maëlann,Gibby,Female
Mélinda,Masterton,Female
Rébecca,Fritchly,Male
Táng,Verma,Female
Naëlle,Loverock,Female
Táng,Gidley,Female
Léandre,Margram,Male
Cléa,Dairton,Female
Marie-thérèse,Hacker,Female
Maïté,Ricards,Male
Hélène,Leyton,Female
Garçon,D'Acth,Male
Laurène,Littrik,Female
Adélaïde,Seviour,Female
Liè,Skepper,Female
Maëline,Spens,Male
Desirée,Fitzackerley,Female
Ruò,Coxwell,Female
Lèi,Camel,Male
Régine,Lownsbrough,Female
Mélanie,Buckle,Male
Erwéi,Roaf,Male
Valérie,Titheridge,Male
Josée,Brockwell,Male
Marlène,McCallister,Female
Mårten,Marrow,Male
Lóng,Guiduzzi,Female
Inès,Croom,Female
Alizée,Lightowler,Female
Cléa,Doick,Male
Audréanne,McVee,Male
Irène,Bosket,Female
Joséphine,Atwill,Female
Clémentine,Dykes,Female
Agnès,Galbraeth,Male
Clémence,Churches,Male
Lèi,Arlett,Female
Néhémie,Inger,Male
Daphnée,Cleal,Female
Léonore,Stuffins,Male
Maëlla,Zavattari,Male
Néhémie,Targe,Male
Estève,Twigger,Male
Illustrée,Del Castello,Female
Mélissandre,Bodocs,Female
Inès,Souness,Female
Anaëlle,Hayter,Female
Léandre,Van der Hoeven,Male
Táng,Drawmer,Female
Bérangère,Callow,Male
Maëly,Waryk,Female
Léa,Havesides,Female
Renée,Manville,Female
Marlène,Cousin,Female
Maëlyss,Cozens,Female
Stévina,Mannix,Male
Liè,Ellar,Female
Dorothée,Burge,Male
Marie-ève,Mussolini,Male
Wá,Hartopp,Female
Miléna,Deneve,Male
Personnalisée,Shory,Male
Åslög,McClory,Female
Cinéma,McLernon,Male
Gérald,Shewon,Female
Naëlle,Bondy,Female
Lauréna,Sparshett,Female
Athéna,Eberst,Male
Maëlle,Bangiard,Male
Mélia,Endon,Male
Kù,Liffe,Male
Annotés,Palke,Male
Mélia,Bew,Female
Maï,Vernon,Male
Mélanie,Doubleday,Male
Marlène,Bezants,Male
Laurélie,Gravet,Female
Yáo,Gutherson,Female
Märta,Condliffe,Female
Magdalène,Woolston,Male
Athéna,Lowndsbrough,Female
Méline,Bettesworth,Female
Håkan,Petrecz,Female
Eléonore,Osorio,Male
Rachèle,Minney,Female
Cléa,Arnoult,Male
Lài,Coatts,Female
Yáo,Clague,Female
Geneviève,Barnet,Female
Anaïs,Olech,Female
Danièle,Coneley,Female
Gwenaëlle,Chuter,Male
Kuí,Ardron,Female
Camélia,Chelam,Male
Mén,Brabyn,Female
Réservés,Gilstin,Male
Göran,Keelinge,Male
Léonore,Castletine,Male
Méryl,Gowen,Male
Adèle,Geerits,Female
Anaëlle,Sextone,Male
Chloé,Savil,Male
Maéna,Vanin,Male
Marie-thérèse,Patterson,Female
Gaëlle,Piesold,Male
Méline,Chadwyck,Male
Anaël,McMillam,Female
Adélaïde,Baldinotti,Female
Marie-hélène,Beininck,Male
Cloé,Boggon,Female
Lén,Richmont,Female
Torbjörn,Truman,Female
Torbjörn,Sweetenham,Male
Mélina,Dimitru,Female
Célestine,Wetter,Female
Måns,Matejka,Female
Océane,Liggens,Female
Mélina,Wilstead,Female
Ráo,Sired,Female
Rachèle,Philps,Female
Félicie,Andriss,Female
Örjan,Andrioni,Male
Crééz,Driffe,Male
Dorothée,Ishak,Female
Vérane,Terrans,Male
Dorothée,Haddleton,Female
Maëline,Pettegre,Female
Méghane,Gert,Male
Régine,Alfonsetti,Male
Cléa,Birchenough,Male
Frédérique,Feben,Female
Publicité,Gerhardt,Female
Maëlyss,Bartolini,Female
Gaëlle,Dayer,Male
Cécilia,Poskitt,Female
Östen,Risdale,Male
Gaëlle,Beardsley,Female
Léonore,Pietruschka,Female
Loïs,Emby,Male
Bérengère,Guise,Male
Aurélie,Beretta,Female
Méghane,Dregan,Female
Östen,Lever,Male
Bécassine,Van den Broek,Female
Estée,Beed,Male
Océanne,Dunican,Male
Lài,Moreton,Female
Annotée,Shorten,Male
Lèi,Sleaford,Female
Félicie,Verralls,Male
Gaëlle,Stivers,Female
Ophélie,Bonnette,Female
Eliès,Tennick,Female
Laurène,De Lascy,Male
Mårten,Errol,Female
Léonore,Rattenberie,Female
Véronique,Hartill,Male
Clémentine,Buttwell,Female
Lucrèce,Aggott,Male
Mylène,Pepineaux,Male
Marie-noël,Willeson,Female
Loïs,Jolliffe,Female
Maëlle,Venditti,Female
Intéressant,Mullally,Male
Léandre,Brace,Female
Mà,Pinar,Male
Michèle,Craghead,Male
Börje,Kemish,Female
Åslög,Conre,Female
Naéva,More,Male
Märta,Scoffins,Female
Bénédicte,MacGuffog,Female
Camélia,Castle,Female
Bécassine,Self,Male
Marlène,Bellingham,Male
Angèle,Bichener,Male
Eléonore,Simanenko,Female
Ráo,Relph,Male
Marie-josée,Hinsch,Female
Laïla,Wonfar,Male
Illustrée,Snoden,Female
Kuí,Celloni,Female
Erwéi,Duesberry,Female
Kuí,Gaythor,Female
Gérald,Bryden,Female
Gisèle,Elvey,Female
Léonie,Cockhill,Male
Marie-françoise,Winchcum,Female
Erwéi,Trythall,Female
Stévina,Ughi,Female
Laurène,Bachura,Male
Aimée,Leavy,Female
Görel,Parley,Male
Thérèse,Mergue,Male
Médiamass,Boatwright,Female
Jú,Wilsone,Male
Mélys,Bogart,Male
Sélène,Tuttle,Female
Chloé,Oldknowe,Male
Publicité,Brumfitt,Male
Loïs,MacDuffie,Male
Camélia,Towersey,Male
Véronique,Nutting,Male
Marie-thérèse,Greenacre,Female
Liè,Gaskin,Male
Sélène,Adds,Female
Françoise,McCarl,Male
Adèle,Plose,Female
Hélèna,Leighton,Female
Marlène,Hounsom,Male
Réservés,Osmond,Female
Sélène,Biesterfeld,Female
Alizée,McParlin,Female
Maëlla,Blankman,Male
Lén,Kyllford,Male
Yú,Deeney,Female
Åslög,Picopp,Male
Chloé,Bougourd,Male
Hélène,Meiklem,Female
Méng,Hammant,Female
Méryl,Thys,Male
Loïc,Gillie,Female
Cunégonde,Twittey,Female
Maëlla,Geelan,Male
Séréna,Blose,Male
Méryl,Sarsons,Male
Léone,Petche,Female
Athéna,Swindlehurst,Female
Céline,Offiler,Male
Åslög,Stonard,Male
Lyséa,Jagiela,Male
Alizée,Nezey,Female
Athéna,Smeeth,Female
Maëly,Doyland,Male
Célia,Scalia,Male
Illustrée,Bostick,Male
Eléa,Rosenblatt,Male
Mélia,Izkovici,Male
Nuó,Rylstone,Male
Pò,Lidden,Male
Mélinda,Kilbane,Male
Maéna,Nolin,Male
Pénélope,Serle,Male
Alizée,Adnam,Female
Mén,Mattisson,Female
Estée,McKinnon,Female
Loïs,Wiltshear,Male
Amélie,Brightie,Female
Lauréna,Pfeffle,Male
Pål,Maunders,Female
Thérèsa,Plaskett,Male
Zhì,Rudsdell,Male
Åsa,Levison,Female
Gaïa,Hayer,Female
Publicité,Haukey,Male
Simplifiés,Hyam,Female
Véronique,Mabbitt,Female
Vénus,Edden,Male
Andrée,Olliver,Female
Loïs,Mitcham,Male
Dafnée,Barneveld,Male
Adélie,Elven,Male
Mélina,Jubert,Female
Maïwenn,Greenhaugh,Female
Michèle,Sandland,Male
Cécile,Broadbere,Female
Léa,Hulke,Female
Félicie,Castilla,Female
Bérengère,Dreinan,Female
Bérangère,Wank,Male
Frédérique,Prosser,Male
Chloé,Ricciardiello,Female
Laïla,Concannon,Male
Léane,Leaver,Female
Åke,Shutle,Female
Lèi,Faherty,Male
Naéva,Vear,Female
Nuó,Lemoir,Female
Clémentine,Elwel,Female
Cécile,Siddon,Male
Nélie,Jakeway,Male
Ruì,Songer,Male
Laurène,Vicar,Male
Kallisté,Jonson,Male
Pål,Stot,Male
Mélia,Brompton,Female
Laurène,Runnett,Male
Cécile,Pagnin,Female
Marie-josée,Roncelli,Male
Laïla,Charles,Male
Yóu,Priestland,Female
Régine,Wilkenson,Male
Miléna,Moneti,Male
Annotée,Plampin,Female
Publicité,Corkett,Female
Maëlyss,Shorbrook,Female
Torbjörn,Delgado,Female
Kévina,Saer,Female
Hélèna,Zanicchelli,Female
Rébecca,Andrin,Female
Angèle,Wallbank,Female
Mà,Stentiford,Female
Eloïse,Eltun,Male
Annotée,Volker,Male
Céline,Corley,Female
Kévina,Ohrtmann,Male
Maëlla,McQuorkell,Male
Håkan,Grout,Male
Laïla,Silbermann,Female
Bénédicte,McNellis,Male
Desirée,Scarse,Male
Maëline,Jeffery,Male
Marie-françoise,Iglesias,Male
Cunégonde,Spaunton,Female
Vénus,Singyard,Female
Jú,Gookey,Female
Cloé,Mannin,Female
Lèi,Stafford,Female
Thérèsa,Benaine,Female
Kuí,Pullen,Female
Cloé,Coller,Female
Séverine,Tribell,Male
Solène,Tebbs,Female
Mélanie,Edward,Male
Lén,Wilkowski,Male
Maëlle,Hinchshaw,Male
Eugénie,Burch,Male
Bénédicte,Starmore,Male
Mélissandre,Lyle,Male
Mén,Lippiatt,Male
Judicaël,Baggalley,Female
Gisèle,Attreed,Male
Estée,Klamp,Female
Félicie,Carleton,Female
Thérèse,Hambleton,Male
Laïla,Robrose,Female
Esbjörn,MacGaughy,Male
Märta,Negal,Female
Nuó,Brooksbank,Female
Loïca,Kornes,Male
Gaëlle,Stithe,Male
Marie-josée,Ranald,Male
Hélène,Waltho,Female
Clélia,Lidgely,Male
Léandre,Stenhouse,Male
Léone,Yurikov,Female
Loïca,Dachey,Female
Ophélie,Gabites,Female
Géraldine,Dunsford,Female
Lén,Barkly,Male
Lài,Eastgate,Male
Mahélie,Palfree,Male
Kù,Shekle,Female
Yénora,McCard,Male
Publicité,Galland,Female
Méthode,Fripps,Female
Méline,O' Mara,Male
Clémence,Callan,Male
Mélinda,Baffin,Male
Almérinda,Trigg,Male
Bérénice,Newitt,Female
Maëlyss,Walbrun,Male
Mélissandre,Blaine,Male
Méghane,Petrou,Male
Marie-thérèse,Golbourn,Male
Célestine,Crepel,Female
Mylène,Allnutt,Female
Personnalisée,Fero,Female
Léone,Spilsbury,Female
Nadège,Harding,Female
Bérénice,Panther,Male
Joséphine,Lovelace,Male
Cunégonde,Hulatt,Male
Marie-noël,Overstone,Male
Eloïse,McPhelim,Female
Vénus,Podbury,Female
Clémentine,Filpo,Male
Eliès,Trinbey,Male
Fèi,Poynter,Female
Eugénie,Hurdle,Male
Gaïa,Barnwall,Male
Zoé,Ludron,Male
Maëlle,Woodberry,Female
Stévina,Bratten,Female
Örjan,Morfey,Female
Clémentine,Adami,Male
Léandre,Frosch,Male
Simplifiés,Hencke,Female
Táng,Askey,Male
Åslög,Olekhov,Male
Marie-hélène,Chisholm,Male
Séverine,Dumingos,Female
Judicaël,McKinless,Male
Kallisté,Lumb,Female
Mélodie,Corde,Female
Lèi,Dwyr,Female
Rachèle,Kilcullen,Female
Vérane,Whimper,Male
Mélinda,Sandels,Male
Personnalisée,Spybey,Female
Lucrèce,Screeton,Female
Léana,Riccioppo,Male
Lyséa,Bull,Female
Östen,Moiser,Female
Kévina,Sexcey,Male
Françoise,Aiken,Male
Cléa,Jannex,Male
Maëlys,Pilley,Female
Marie-ève,Swinfon,Female
Cunégonde,Gallone,Male
Noëlla,Sewley,Female
Léonore,Deeble,Male
Marie-josée,Zecchinelli,Male
Stéphanie,Danser,Female
Gaétane,Lope,Female
Mårten,Tiffney,Female
Méghane,McMeeking,Female
Mélys,Divisek,Female
Clélia,Shakespeare,Female
Åke,Poolton,Female
Séréna,Maffi,Female
Vénus,Kingsnod,Female
Lorène,Eagles,Female
Pål,Buckham,Male
Ophélie,Cahillane,Female
Dù,Lotwich,Female
Cloé,Loughney,Female
Méthode,Cod,Female
Nélie,Maunton,Female
Méghane,Buesden,Female
Desirée,Brackley,Female
Léane,Brimmell,Male
Andréanne,Skyrme,Female
Björn,Cobleigh,Female
Laurène,Shortall,Male
Cécilia,Landor,Male
Görel,Gadney,Male
Ráo,Wisdom,Male
Lauréna,Rundle,Female
Eugénie,Trumpeter,Female
Åke,Ivankov,Female
Yénora,Hugnot,Female
Ruò,Vynoll,Male
Frédérique,Lartice,Male
Clémentine,Hayzer,Male
Lén,Forrester,Male
Dà,Hansman,Female
Gaëlle,Thorndale,Female
Océanne,Nockolds,Female
André,MacTurlough,Female
Börje,Challenor,Male
Maëlle,Dyka,Female
Sòng,Yearron,Female
Pélagie,Kissell,Female
Táng,Berard,Male
Lucrèce,Solman,Male
Réjane,Petrazzi,Female
Almérinda,Pocknell,Female
Eléonore,MacMarcuis,Male
Táng,Heskey,Male
Anaïs,Urridge,Male
Michèle,Bourdas,Male
Dù,Harvey,Male
Mårten,McIndoe,Male
Amélie,Mathivat,Female
Jú,Ambrois,Female
Maëlyss,Jendrassik,Female
Lèi,Burcombe,Female
Estée,MacGinlay,Female
Håkan,Cracker,Male
Dù,Huertas,Female
Bérénice,Leisman,Male
Géraldine,Rivalland,Male
Lorène,Blacket,Male
Dorothée,Boule,Male
Méthode,Mauchline,Female
Yáo,Schutze,Female
Uò,Chaplin,Male
Gisèle,Biset,Female
Aloïs,Blaasch,Male
Nuó,Monard,Female
Adélaïde,Debow,Male
Dù,Dowden,Male
Hélèna,Paal,Male
Eléa,Clench,Male
Desirée,Jewar,Male
Vérane,Iannitti,Female
Mélina,Martinec,Male
Geneviève,Westmorland,Male
Sòng,Lingley,Male
Hélène,Harbin,Female
Maïwenn,Derr,Female
Mylène,Martyntsev,Male
Gaétane,Satch,Female
Céline,Beall,Male
Médiamass,Signorelli,Female
Garçon,Summerhayes,Male
Gaétane,Forsyth,Male
Marie-thérèse,Maxfield,Male
Marie-hélène,Jude,Male
Kévina,Goadbie,Male
Laïla,Aikin,Male
Pénélope,Sivell,Male
Gisèle,Salandino,Male
Eléa,Hutchason,Male
Néhémie,Fosdike,Male
Styrbjörn,Bannon,Male
Bérangère,Cowburn,Male
Naéva,Mapstone,Male
Léa,Greenwell,Male
Bénédicte,Ruler,Male
Amélie,Sexton,Female
Océanne,Pidgeon,Male
Lyséa,Gately,Male
Maëline,Sibbet,Female
Gaïa,Willden,Female
Mårten,Sharpling,Female
Irène,Keggin,Male
Noémie,Balam,Female
Cléa,Tight,Female
Gisèle,Balharry,Female
Garçon,Furmenger,Female
Tán,Doale,Female
Faîtes,Mosey,Male
Salomé,Boldecke,Female
Anaïs,Heiden,Male
Sélène,Varndall,Male
Åslög,Beccera,Male
Léa,Josefovic,Male
Lài,Blainey,Male
Salomé,Stanmore,Male
Cécile,Bartolomeoni,Male
Örjan,Sketch,Male
Lóng,Kenchington,Male
Thérèse,Di Frisco,Female
Maïly,Sambath,Female
Pò,Jakoubek,Male
Lyséa,Kildale,Female
Cécilia,Vaudin,Female
Léonore,Orneles,Male
Wá,Tomasik,Male
Maëlyss,Cheng,Male
Cunégonde,Sigg,Female
Aloïs,Breede,Female
Vénus,Bartlet,Female
Maëlla,Glowach,Female
Dà,Hylands,Female
Adélaïde,Oakwood,Female
Naéva,Hellin,Female
Mégane,Dannehl,Female
Léana,Castilla,Male
Nadège,Callan,Male
Anaël,Dowdney,Female
Yénora,Esposi,Female
Ophélie,Yapp,Female
Yáo,Mayhou,Female
Loïca,Shellard,Female
Bérangère,Duinbleton,Male
Méthode,Bartholat,Female
Clémentine,Easterby,Female
Agnès,Kleuer,Female
Lóng,Spittle,Female
Börje,Ewbanke,Male
Rébecca,Seatter,Male
Marie-josée,Bristow,Male
Daphnée,Gumary,Female
Anaëlle,Bratch,Female
Eugénie,Batha,Male
Dorothée,Patman,Male
Håkan,Dumbelton,Female
Léonie,Lancaster,Male
Gösta,Calltone,Female
Torbjörn,Rosas,Male
Mélia,Dawtrey,Male
Estée,Maddin,Female
Lorène,Dowzell,Female
Maëlys,Jantot,Male
Léa,Morriss,Female
Sélène,Dike,Male
Håkan,Wrate,Female
Torbjörn,Sproston,Male
Östen,Niese,Female
Danièle,Ussher,Female
Irène,Foran,Male
Annotée,Planque,Female
Mà,McGaughey,Female
Åke,Brunskill,Female
Erwéi,Knocker,Female
Aloïs,Dulwitch,Male
Chloé,Scudamore,Female
Anaé,Bus,Male
Laurélie,Denerley,Male
Cléopatre,Stealfox,Female
Faîtes,Di Biasi,Female
Thérèsa,Hundell,Male
Véronique,Sealand,Female
Almérinda,Trevallion,Male
Andréanne,Dolton,Female
Séréna,Gery,Female
Gaëlle,Huffer,Female
Mén,Sawyer,Male
Marie-françoise,Elstow,Female
Alizée,Ambrogi,Male
Börje,Espinel,Female
Thérèse,Chambers,Male
Maëlyss,Trussman,Male
Wá,Fawcus,Female
Noëlla,Brehault,Female
Liè,Loalday,Female
Estée,Shadfourth,Male
Sòng,Storch,Female
Mylène,MacAllester,Male
Andréa,Luciani,Male
Méryl,Haighton,Female
Cléopatre,Brigginshaw,Female
Erwéi,Melpuss,Male
Solène,Eggers,Male
Marie-hélène,Tortice,Female
Maïwenn,Paoletto,Female
Lén,Smidmor,Female
Marie-thérèse,Draco,Female
Clémence,Kettel,Male
Maïté,Letcher,Male
Thérèse,Hebburn,Female
Örjan,Russilll,Female
Lèi,Smithson,Male
Zhì,Forsyth,Female
Méthode,Pirnie,Female
Kévina,Yegorkov,Male
Loïc,McGowan,Male
Adélie,Mathes,Female
Bérengère,Blaisdell,Male
Léone,Olpin,Female
Görel,Guise,Female
Fèi,Gouldstraw,Male
Pélagie,Baysting,Female
Uò,Finnie,Female
Félicie,Civitillo,Female
Mégane,Dumingo,Male
Laïla,Dowzell,Male
Véronique,Poulter,Male
Régine,Goldby,Male
Méryl,Kohn,Male
Gaétane,Brisseau,Female
Maéna,Darrow,Male
Maëlys,Rashleigh,Female
Géraldine,Devonport,Female
Maéna,Noddle,Female
Ráo,Carvill,Female
Lèi,Orris,Male
Andréa,Ing,Male
Marie-thérèse,Phuprate,Female
Adèle,Keyme,Male
Mélia,Philpault,Male
Yóu,Matthensen,Female
Laurène,Enticott,Male
Maïlis,Hobson,Female
Kù,Dudman,Female
Ráo,Joules,Female
Réservés,Braganza,Male
Judicaël,Martusov,Female
Irène,Poplee,Female
Marie-noël,Neenan,Female
Mélia,Burmingham,Male
Amélie,Slayford,Male
Anaé,Hargie,Male
Marie-thérèse,Jedryka,Male
Marie-françoise,Bottoms,Male
Maïwenn,Birks,Male
Edmée,Haslin,Male
Irène,Dregan,Male
Mélinda,Marlor,Female
Alizée,Catt,Female
Mårten,Jennens,Male
Judicaël,Di Carli,Female
Laurélie,Tucsell,Female
Judicaël,Wakerley,Male
Maëlla,Daviddi,Female
Maëlyss,Praten,Female
Åslög,Caesar,Male
Simplifiés,Murby,Male
Réservés,Ferrarone,Male
Pò,Bedham,Male
Mélys,Wooderson,Female
Tú,Davern,Female
Maïlis,Guile,Female
Marie-thérèse,Dayborne,Male
Camélia,Abelovitz,Male
Clélia,Follett,Male
Pål,Goudie,Male
Mylène,Keir,Male
Östen,Cotte,Female
Méline,Dury,Female
Léandre,Wilkerson,Female
Andréanne,Topes,Male
Pélagie,Rickerby,Female
Chloé,Knuckles,Male
Göran,O'Driscoll,Male
Méng,Reubens,Female
Solène,Talks,Male
Océanne,Elam,Male
Dafnée,Gohn,Male
Örjan,Hargraves,Female
Camélia,Flower,Female
Cléa,Spargo,Female
Irène,Hamper,Male
Desirée,Goldston,Male
Régine,Wakelin,Female
André,Pilch,Female
Maëlle,Pennycord,Male
Estée,Titterrell,Female
Andrée,Kitson,Female
Mélina,Cossans,Male
Simplifiés,Hammatt,Male
Laurène,Skully,Female
Anaé,Ossenna,Male
Yáo,Hamer,Female
Anaël,Iggulden,Female
Maïly,Baggelley,Male
Célia,Boate,Female
Géraldine,Ogus,Male
Josée,Morrowe,Female
Estève,Ahren,Female
Adèle,Pheby,Male
Ráo,Catonnet,Male
Hélèna,Everal,Female
Eléonore,Haquin,Male
Aí,Nuccitelli,Male
Lorène,Jenkyn,Male
Mélina,Croyden,Female
Léone,Feake,Female
Bérangère,Lukasik,Female
Régine,Swinnerton,Male
Maïly,Allden,Female
Hélène,Cline,Female
Laïla,Wadelin,Female
Léa,Fletcher,Female
Félicie,Winton,Male
Aí,Mincher,Female
Mà,McCadden,Female
Pénélope,Timbridge,Male
Liè,Eminson,Female
Thérèsa,Suttell,Male
Méryl,Ciccerale,Female
Jú,Champain,Male
Maëlann,Purry,Male
Naéva,Van Brug,Female
Mélinda,Ruggles,Male
Léonore,Duny,Male
Cinéma,Hinemoor,Female
Ophélie,Avery,Male
Magdalène,Filyashin,Male
Tán,Weald,Female
Lucrèce,Schultze,Male
Dorothée,Bickerdyke,Male
Joséphine,Laxe,Female
Aí,Ferrara,Female
Léone,Swanborrow,Male
Mélys,Carver,Female
Örjan,Courtese,Male
Mélanie,Blais,Female
Stéphanie,Cotelard,Female
Desirée,Rawe,Male
Valérie,Kinsman,Male
Cécilia,Binning,Male
Rachèle,Loding,Male
Nélie,Ambrogelli,Male
Marie-noël,Delyth,Male
Andréanne,Marcam,Female
Mélodie,Chase,Female
Mahélie,Trevor,Male
Séverine,Cater,Male
Ruì,Fonzo,Male
Lóng,Bebb,Female
Personnalisée,Bernasek,Female
