id,first_name,last_name
1,Adriaens,Gimbrett
2,Karine,Lilford
3,Juliana,Bruineman
4,Hoebart,Hansberry
5,Dore,Beneix
6,June,Doole
7,Felipe,Velasquez
8,Babbie,Larder
9,Adelice,Sommer
10,Joly,Elcom
11,Klarika,Courage
12,Arlette,Dinnies
13,Gabrielle,Keele
14,Anni,Bole
15,Timmy,Carville
16,Matty,Banyard
17,Tiffy,Boreland
18,Daniele,Agate
19,Marya,Marnes
20,Vivyanne,Tuxsell
21,Terrell,Inder
22,Glennis,Samett
23,Graham,Lau
24,Rene,Harwell
25,Billy,Toomey
26,Owen,Cory
27,Eddie,Breckin
28,Janis,Ickovici
29,Putnem,Mugridge
30,Katina,Leishman
31,Elsa,Baptist
32,Nissy,Spellessy
33,Lyell,Haster
34,Pierrette,Haddock
35,Danit,McGlone
36,Caritta,Coneybeare
37,Carlotta,Mulleary
38,Aldrich,Ziemsen
39,Heath,Garroway
40,Lewiss,Allonby
41,Haleigh,Everleigh
42,Koo,Windibank
43,Torre,Annon
44,Errick,Paling
45,Nobe,Melarkey
46,Gilli,Begwell
47,Chad,Yeskin
48,Lambert,Sennett
49,Vanya,Brecher
50,Mildred,Moncrieffe
51,Gearard,Stimson
52,Murry,Robillard
53,Ibbie,Bazek
54,Andy,Imm
55,Nissie,Haysey
56,Johnna,Fenner
57,Sileas,O'Flynn
58,Simonette,Brinsford
59,Kathryne,Svanetti
60,Dalenna,Woodley
61,Tull,Minichi
62,Lodovico,Yetman
63,Mac,Dumelow
64,Con,Schops
65,Tadd,Nisard
66,Gabie,Davidek
67,Sherry,Pescod
68,Cariotta,Garralts
69,Thorstein,Moulster
70,Taite,Peltzer
71,Christoffer,Stempe
72,Jordan,Greengrass
73,Jane,McCafferty
74,Harris,Kesteven
75,Caterina,Southan
76,Lizzy,Wagstaffe
77,Sunny,Lancastle
78,Gonzalo,Sisse
79,Norina,Bridden
80,Allie,Officer
81,Jacki,Stoggell
82,Millie,Wisher
83,Rosella,Jewsbury
84,Muire,Titcumb
85,Erin,Nesbeth
86,Curt,Winny
87,Rosalyn,De Witt
88,Mendy,Trodd
89,Talia,Georgescu
90,Barry,Sevior
91,Kincaid,McSperrin
92,Madeline,Elflain
93,Perry,Janman
94,Gregor,Drabble
95,Dicky,Tomblin
96,Marchall,Yardy
97,Thomasa,Saw
98,Garwood,Scimoni
99,Tandi,Jansema
100,Bret,Barlie
101,Case,Posner
102,Von,Watchorn
103,Consalve,Eacott
104,Padraic,Angear
105,Debee,Treher
106,Wren,Pottage
107,Cally,Thridgould
108,Catie,Yeomans
109,Denni,Humm
110,Claudina,Wittman
111,Federica,Sherwin
112,Alfons,Dalbey
113,Halley,Kiln
114,Dallon,Moulton
115,Boothe,McKeady
116,Urbain,Dunhill
117,Jayson,Stoltz
118,Timothy,Hassin
119,Richard,Kilshall
120,Darya,Beevers
121,Oliver,Carnelley
122,Even,Bricksey
123,Mil,Biddle
124,Fanny,Prium
125,Garik,Dohmann
126,Glen,Eardley
127,Garek,Elgar
128,Ebonee,Kennon
129,Marcelo,Vowells
130,Stern,Bridel
131,Polly,Sinkinson
132,Elli,Gaber
133,Minnaminnie,Gowan
134,Ranique,Unger
135,Dredi,Liquorish
136,Pryce,Mc Meekan
137,Nolan,Bastable
138,Rogerio,Gudde
139,Erich,Fitzsimon
140,Jervis,Stanger
141,Ethyl,Covotto
142,Jesus,Boog
143,Lennard,Sharville
144,Kincaid,Rymell
145,Koo,Costelow
146,Cesar,Farress
147,Lise,Billington
148,Norri,Rossetti
149,Felice,Bote
150,Letty,Fitt
151,Tyson,Gallaway
152,Daisey,Northage
153,Diego,Orridge
154,Orion,Lathom
155,Nerita,Priestley
156,Evangeline,Scholtz
157,Rosemarie,Halle
158,Tabina,Boost
159,Goraud,Freschi
160,Griffy,Jennison
161,Wendie,Maha
162,Amber,Large
163,Roy,Kenryd
164,Druci,Bleas
165,Renata,Wynrahame
166,Mead,Marre
167,Aundrea,Burr
168,Irvin,Aharoni
169,Graham,Bullen
170,Fernanda,Esel
171,Clarie,Ellyatt
172,Ruddy,Burgott
173,Maryrose,Lanphier
174,Corbin,Greger
175,Matthew,Spensly
176,Ricardo,Evans
177,Kristofor,Pocknell
178,Taryn,Minnette
179,Charlton,Bock
180,Neille,Sarra
181,Myrvyn,Houson
182,Jervis,Piscopiello
183,Neal,Ibbitson
184,Shirleen,Goter
185,Rosette,Kilfeather
186,Maxie,Helbeck
187,Brice,Hymer
188,Kamila,Gerg
189,Sibeal,Labrone
190,Nicholas,Lockney
191,Clem,Solesbury
192,Gaspard,Merigot
193,Rubin,Raleston
194,Sylvester,Bourhill
195,Jacquelynn,Camocke
196,Lynett,Connikie
197,Poul,Beauchamp
198,Cosetta,Groucutt
199,Ursola,Beames
200,Rossie,Formoy
201,Kelli,McAlpin
202,Maureen,Lorinez
203,Grace,Eard
204,Sashenka,Helleckas
205,Breanne,Scown
206,Fayre,Eustis
207,Jabez,Cancott
208,Rosalinde,Ferrer
209,Meridith,Elfitt
210,Matthieu,Putt
211,Krispin,Crowne
212,Jess,Gulc
213,Jameson,Chant
214,Nolie,Gregan
215,Filberto,Whittlesea
216,Dukey,Ugolotti
217,Clovis,Van Cassel
218,Ignace,Kisbee
219,Camile,Rumsby
220,Flem,Isgate
221,Maridel,Eydel
222,Ibbie,Signorelli
223,Mariette,Rilton
224,Gracia,Veneur
225,Hubey,Phinnis
226,Thor,Le Quesne
227,Aile,Golding
228,Davin,Dyerson
229,Sherm,Clamp
230,Roze,O'Dare
231,Boyce,Gossling
232,Derrek,Fernley
233,Pacorro,Fusedale
234,Dall,Mc Carrick
235,Wernher,Cartmail
236,Junia,Clausen-Thue
237,Siegfried,Michell
238,Harcourt,Elman
239,Barclay,Calcraft
240,Ricardo,Chisman
241,Lillian,Pinches
242,Neddie,Tyres
243,Phedra,Frowen
244,Augustina,Willoughey
245,Burty,Bullant
246,Lauretta,Piotrowski
247,Charlotte,Mingardi
248,Lance,Newby
249,Carolyn,Wolledge
250,Francois,Swanborrow
251,Gigi,Lovie
252,Boot,Olenin
253,Mario,Bunson
254,Ozzie,Tacey
255,Caryl,Guinery
256,Sophey,Nilles
257,Harland,Thurgood
258,Shepherd,Raoux
259,Bron,Costerd
260,Gordon,Rupprecht
261,Malva,Grazier
262,Guillermo,Matusson
263,Shoshana,MacCarter
264,Hillyer,Antonognoli
265,Halimeda,Cowley
266,Daniela,Ledwidge
267,Vidovic,Spat
268,Rodd,Kyle
269,Denis,Farnell
270,Lurlene,Betho
271,Karole,Smissen
272,Torrance,Guislin
273,Yulma,Gehrts
274,Lucian,Dauby
275,Catha,Bouette
276,Wyatan,Simion
277,Brice,Olivia
278,Chrissie,Treat
279,Beatrice,Dobbin
280,Honor,Pengelley
281,Gale,Boulton
282,Estella,Trigwell
283,Nata,Castro
284,Bernardina,Mattiuzzi
285,Noell,Ditzel
286,Parsifal,Brookhouse
287,Marci,Edscer
288,Elnora,Dowers
289,Thedrick,MacKeeg
290,Fanchette,Zecchinii
291,Roscoe,Wimp
292,Maxie,O'Rowane
293,Coral,Broggio
294,Kariotta,Delort
295,Orlando,Giottini
296,Raynard,Tagg
297,Konstanze,Feldmus
298,Kassia,Durrans
299,Wilone,Kenworthy
300,Emmet,Pascall
301,Biddie,Bednell
302,Alli,Crosdill
303,Beverlie,Baggalley
304,Kermy,Vannoni
305,Berta,Mangeot
306,Zane,Rollings
307,Adolph,Foxton
308,Frederich,Tilbury
309,Muriel,Adolf
310,Abelard,Loude
311,Annissa,Burwood
312,Vinny,Waszkiewicz
313,Shea,Ambrogioni
314,Kennith,Drakes
315,Rube,Plimmer
316,Lek,Roswarne
317,Sammie,Daykin
318,Rosette,Pinney
319,Darcy,Prendergast
320,Immanuel,MacDiarmond
321,Leo,Lintill
322,Nicolina,Kobiera
323,Lloyd,Ibell
324,Kellina,Bendley
325,Gilberto,Solomon
326,Lion,Paydon
327,Lanny,Reichardt
328,Corissa,Colgan
329,Hakeem,Goodanew
330,Douglas,Dymott
331,Boone,Mussilli
332,Dexter,Brydson
333,Martainn,Ionn
334,Antoni,Forgie
335,Mary,Gillford
336,Ealasaid,Bodesson
337,Stepha,Linstead
338,Berenice,Chasen
339,Mord,Grzegorecki
340,Pooh,Faithfull
341,Hadrian,Stemson
342,Quill,McGilben
343,Roxana,Easlea
344,Lauree,Guitton
345,Chrysler,McFayden
346,Natassia,Corn
347,Orbadiah,McEvilly
348,Xavier,Fernan
349,Gaelan,Millery
350,Thoma,Green
351,Alberik,Bellon
352,Abbi,Polleye
353,Ellis,Balaisot
354,Mathe,Juleff
355,Josefina,Tolefree
356,Kariotta,Ferson
357,De,Cork
358,Loreen,Fairleigh
359,Harriett,L'Archer
360,Parnell,Shawel
361,Kordula,Swadling
362,Linette,Densell
363,Lydie,Janiak
364,Taite,Broggetti
365,Dmitri,Ledgerton
366,Nani,Penketh
367,Claiborne,Robertot
368,Stephen,Minchella
369,Shermy,Gollin
370,Gunter,Leall
371,Shaw,Schiementz
372,Norene,Bligh
373,Jandy,Jardein
374,Rockwell,Huggons
375,Therese,Glassford
376,Else,Bruckental
377,Adrea,Patise
378,Morgan,Iwanowicz
379,Demetria,Olenikov
380,Rafaela,Adamczewski
381,Carolann,Orrock
382,Dasya,Seel
383,Ruddie,Connealy
384,Juline,Heersema
385,Devon,Szymonwicz
386,Jacki,Garrity
387,Daniele,Marde
388,Ash,Claridge
389,Jerry,Schultes
390,Kristyn,Franzewitch
391,Gwyneth,Twitchings
392,Lonnie,Philippou
393,Tracie,Rayworth
394,Tiphany,Garrique
395,Xylina,Glanfield
396,Rutger,Meynell
397,Shellysheldon,Fassbender
398,Annabelle,Chaddock
399,Wandis,Lazenby
400,Petronille,Keiley
401,Olia,Shepeard
402,Fanni,Kendal
403,Lela,Fonzone
404,Chucho,Thackeray
405,Therine,Perree
406,Frankie,Melson
407,Hew,Findlow
408,Katine,MacGaughy
409,Stanwood,Soame
410,Felicle,Lovewell
411,Yale,Birtles
412,Chance,Abrahmovici
413,Enrico,Karlicek
414,Sarita,Neill
415,Wendel,Hayer
416,Doreen,Merida
417,Barde,Offiler
418,Tessa,Guerreau
419,Miner,De Maine
420,Aguistin,Ropars
421,Shell,Crady
422,Willamina,Kelshaw
423,Horton,McCarrick
424,Catherina,Owenson
425,Ragnar,Rihosek
426,Morrie,Peron
427,Drusie,Palle
428,Harriott,Blackwood
429,Hewitt,Seekings
430,Muffin,Ligerton
431,Marabel,Prinnett
432,Leroy,Castelot
433,Willow,Cornew
434,Eward,MacGilrewy
435,Consolata,Randles
436,Herby,McQuillen
437,Jeana,Haliburton
438,Lisbeth,Brogiotti
439,Jaimie,Benditt
440,Lorenzo,Briance
441,Garik,Garrood
442,Liliane,Leidecker
443,Zabrina,Harness
444,Corina,Pellew
445,Christiana,Avrahm
446,April,Auten
447,Terrance,Attenborrow
448,Abdel,Thomerson
449,Lois,Ohms
450,Walden,Stockey
451,Charmain,Deme
452,Evyn,Maddern
453,Truda,Rylatt
454,Obediah,Vicent
455,Lanae,Bubbear
456,Dacy,Geratt
457,Paco,Lothlorien
458,Preston,Rettie
459,Dan,Lotwich
460,Kristoforo,Matejka
461,Eduardo,Brenton
462,Augy,Barbier
463,Cyrille,Kinastan
464,Cody,Itskovitz
465,Lana,Antoshin
466,Alyssa,Argabrite
467,Wanids,Mowsley
468,Flint,Edgson
469,Wilmette,Poland
470,Tyson,Klimentyev
471,Garreth,Ceresa
472,Tommy,Brosetti
473,Lewie,Pilgram
474,Margo,Detoile
475,Curtis,Joskovitch
476,Bee,Soames
477,Anetta,Snarr
478,Mona,Skirrow
479,Udall,Endricci
480,Jacintha,Lefeuvre
481,Lotta,Godbehere
482,Emmeline,Cloute
483,Bree,Pedrick
484,Dorothy,Deniso
485,Neil,McAllan
486,Tildi,Ghidotti
487,Clary,Glanister
488,Sidnee,Mountain
489,Addia,Petcher
490,Ethan,Rowney
491,Antonie,Monksfield
492,Reggy,Garrison
493,Mannie,Wickey
494,Margaretta,Abrahamian
495,Baxie,Grigaut
496,Alyson,Gunny
497,Margarette,Pellamonuten
498,Hulda,Penylton
499,Kerk,Tyne
500,Mill,Georghiou
501,Elianora,Ambrozewicz
502,Thurstan,Horder
503,Nichole,Vicary
504,Alberto,Cyseley
505,Hieronymus,Addy
506,Farley,Maberley
507,Maighdiln,Langrick
508,Catharine,Rouf
509,Anette,Fosdyke
510,Hollis,Labbati
511,Gratia,Campes
512,Dennet,Dumper
513,Verge,Andre
514,Myrle,MacAllan
515,Aurelea,Derl
516,Annabela,Dacombe
517,Any,Bromell
518,Lonny,Forestel
519,Corrine,Yesson
520,Coraline,Josselsohn
521,Roxana,Cowdery
522,Danny,Call
523,Benoit,Jacquot
524,Michaela,Dutson
525,Steward,Marquet
526,Tera,Tilford
527,Temp,Ayshford
528,Nikolaus,Bucky
529,Moritz,Snawdon
530,Bibi,McArthur
531,Jennilee,Livett
532,Eduardo,West-Frimley
533,Orelie,Kyne
534,Clemente,Gavey
535,Crista,Blazy
536,Bone,Elward
537,Kinny,Ackers
538,Percy,Gladwell
539,Robena,Binyon
540,Saree,Lochhead
541,Jeanie,Anand
542,Pepillo,Gilcrist
543,Jaimie,Handmore
544,Wilhelm,Vasilov
545,Glenn,Tippett
546,Vladamir,Sodor
547,Marylynne,Glanders
548,Aleece,Guerrero
549,Seumas,Bowring
550,Clarence,Jancso
551,Norah,Wakeley
552,Michaelina,O'Deoran
553,Dore,Hardiker
554,Waverly,Staggs
555,See,Overthrow
556,Cullin,Strachan
557,Delly,Gaudon
558,Isaac,Brabban
559,Zsa zsa,Gersam
560,Marika,Novak
561,Edlin,Huggard
562,Grete,Guerrin
563,Guilbert,Osboldstone
564,Nikolos,Eliot
565,Wrennie,Grishkov
566,Lodovico,Hindmore
567,Crystie,Ipplett
568,Gabriella,Brinsden
569,Felicle,Fitter
570,Rab,Frankiewicz
571,Modesty,Bridgement
572,Charmane,Diplock
573,Gwenneth,Watmore
574,Domini,O'Currine
575,Tamas,Tryme
576,Therese,Tadd
577,Emmy,Agirre
578,Moore,La Grange
579,Gram,Gallaccio
580,Jemie,Dufaur
581,Myrtice,Kibbe
582,Alexandr,Conkling
583,Karyn,Possek
584,Caz,Waison
585,Thorn,Olley
586,Turner,Durand
587,Evin,Rowlson
588,Dyna,Sabbins
589,Mortie,Kensington
590,Troy,Dawtre
591,Alejandro,Caltun
592,Genna,Landal
593,Lorraine,Larkcum
594,Clarke,Dockery
595,Margy,Hanson
596,Edie,Eim
597,Natal,Cruce
598,Zack,Bourne
599,Benedicta,Buxsey
600,Marjy,Dyers
601,Aeriel,Handke
602,Marianna,Crozier
603,Amanda,Sivil
604,Donalt,Southers
605,Brandea,Djakovic
606,Stephine,Caraher
607,Raymond,Laxston
608,Guthry,Jovicevic
609,Darin,Renton
610,Caryn,O'Lennane
611,Desmund,Paddington
612,Cassandre,Wanless
613,Derick,Calton
614,Humbert,Frears
615,Cordelie,Duchart
616,Lana,Turford
617,Laure,Brizell
618,Amabelle,Rivel
619,Zachery,McCarry
620,Antonetta,Adshede
621,Remus,Cod
622,Raviv,Bandt
623,Heindrick,Hollier
624,Frank,Lyosik
625,Angy,Hockell
626,Saudra,Sealey
627,Gene,Cutten
628,Asa,ducarme
629,Alverta,Farady
630,Neille,Scarsbrook
631,Evita,Wortley
632,Fara,Merriott
633,Corenda,Barstock
634,Ailina,Viall
635,Anton,Stittle
636,Guy,McPheat
637,Ferne,Macias
638,Kirk,Sumbler
639,Cloe,Pallin
640,Armando,Pine
641,Natala,Duchesne
642,Winonah,Schurig
643,Vinson,Pemberton
644,Byran,Detoc
645,Emeline,Siman
646,Joey,Methley
647,Roxanne,Pettingill
648,Shea,Dee
649,Aubry,Hallen
650,Keriann,de Courcey
651,Correy,O'Kerin
652,Glynis,Mariault
653,Rora,Battisson
654,Katharina,Swinyard
655,Orelee,Pollie
656,Errick,Janjic
657,Flor,Keighley
658,Arty,Brittle
659,Kristoforo,Wederell
660,Ruddy,Byars
661,Jessee,Keady
662,Charita,Biagini
663,Brandy,Pordal
664,Bondy,Petzold
665,Andy,Lejeune
666,Roseanna,Hallex
667,Erina,Rodriguez
668,Wendell,Karlik
669,Heinrick,Causton
670,Randee,Bande
671,Bennie,Ruger
672,Ronnie,Leonard
673,Saxon,Cawson
674,Arlene,MacKonochie
675,Thorn,Christofol
676,Sheffield,Ballentime
677,Jamima,Frogley
678,Mord,Cregeen
679,Hortensia,Longfut
680,Bev,Humble
681,Ertha,Arrigucci
682,Beckie,Pobjoy
683,Saundra,Herreran
684,Bradly,Bartle
685,Belita,Dyneley
686,Alain,Lafond
687,Patrice,Bulmer
688,Ingunna,Quest
689,Sherwood,Windram
690,Tedd,Carlos
691,Charleen,Solomon
692,Meir,Munro
693,Gabriel,Carme
694,Herold,Takis
695,Pierson,Calverd
696,Noll,Elham
697,Luke,Greenroyd
698,Mic,Leeburne
699,Leshia,Talbot
700,Damon,McRamsey
701,Prudi,Ravilious
702,Neil,Gare
703,Matti,Dunbleton
704,Codi,Alessandrini
705,Michail,Von Hindenburg
706,Lionello,Antonovic
707,Waylin,Durward
708,Dodi,Trowel
709,Sanderson,Edgecombe
710,Pascale,Bellini
711,Brockie,Ensten
712,Janeta,Aime
713,Avram,Pietzke
714,Nettle,Kilfeder
715,Neile,Garbott
716,Lynn,de Najera
717,Grace,Shemmin
718,Lilith,Messier
719,Richmound,Orrom
720,Anthe,Champniss
721,Ricky,Mac Giany
722,Emera,Petroff
723,Rawley,Di Filippo
724,Gennie,Leadbeatter
725,Cathee,Hearsum
726,Guendolen,Bauman
727,Rudolph,Filippozzi
728,Chaddie,Chrispin
729,Giuditta,Saltrese
730,Dorrie,Vockings
731,Stormi,Aherne
732,Hewett,Longson
733,Sunny,Manners
734,Theodore,Mullins
735,Leonie,Willets
736,Wilone,Boni
737,Elroy,Deakins
738,Ewan,Jerschke
739,Ab,Oselton
740,Gwenni,Sarge
741,Madelle,Matyukon
742,Jaquenetta,Jollye
743,Sigmund,Pattie
744,Lynnett,Wilce
745,Renaldo,Lukasik
746,Cornela,Chaffey
747,Brandon,Warlow
748,Corilla,Casari
749,Gerick,Maymond
750,Katharine,Aronovitz
751,Hakim,Stickler
752,Bryn,Rogeron
753,Pail,Birkenshaw
754,Leonard,D'Aulby
755,Ethan,Grafom
756,Orville,Pick
757,Andi,Diggin
758,Rhoda,Arpe
759,Ginevra,Cleiment
760,Bibbie,Currao
761,Odilia,Carty
762,Mechelle,Yushkin
763,Zebedee,Cotelard
764,Ava,Waszczyk
765,Brittney,Petche
766,Barbabra,Blackborow
767,Shurlock,Nyssens
768,Blanch,MacGuffie
769,Cicely,Deerr
770,Olva,Hardisty
771,Pandora,Francillo
772,Esmeralda,Sabben
773,Marika,Chilles
774,Thalia,Ogborn
775,Catherina,Aland
776,Natala,Carnalan
777,Allsun,Patillo
778,Brnaby,Ferrotti
779,Blayne,Chaldecott
780,Sheppard,Royste
781,Pavia,Weddup
782,Juliana,Martinson
783,Shaun,Zipsell
784,Madeleine,Altham
785,Agata,Heyward
786,Dick,Cowdray
787,Rance,Fleming
788,Jaquelin,Tutsell
789,Tarra,Fowell
790,Nancy,Penvarden
791,Diane-marie,Boole
792,Brigg,Donnel
793,Heddi,Rhys
794,Sari,Law
795,Kipp,Haslum
796,Shari,Reilinger
797,Etty,Grishukhin
798,Saw,Haborn
799,Town,Larmet
800,Justina,Hutcheson
801,Kaitlyn,Stopford
802,Geoffry,Trood
803,Roseanna,Jellman
804,Chaddy,Lewty
805,Hannie,Zanussii
806,Myrle,Forsyth
807,Aridatha,Kaming
808,Marlo,McWilliams
809,Gualterio,Slyne
810,Durward,Makinson
811,Amble,Klarzynski
812,Berta,Nizard
813,Birk,Wiper
814,Allister,Tall
815,Georgi,Ferries
816,Estrella,Gibbin
817,Nelle,Barnbrook
818,Deb,Seppey
819,Cammi,Sawnwy
820,Cordy,Bartolini
821,Jerry,Lowdes
822,Milton,Lupton
823,Erna,Testro
824,Devina,Box
825,Shane,Gameson
826,Katrine,Medina
827,Obadias,Petrecz
828,Nanon,Bootland
829,Esteban,Jaquest
830,Holt,Roddie
831,Brear,Pethick
832,Angelique,Van Dijk
833,Johnna,Momery
834,Etan,Beekmann
835,Nate,Widdows
836,Cornie,Bigrigg
837,Bordie,Ferriman
838,Gerick,Jarrett
839,Maye,Ridgewell
840,Bethena,Doige
841,Charleen,Pauleau
842,Read,Reubel
843,Eliot,Figge
844,Maire,Betancourt
845,Gwenette,Dimelow
846,Judi,Robinette
847,Bibbie,Paskell
848,Maddie,Chaucer
849,Emily,Kryszka
850,Trefor,Naisbet
851,Simonne,Goodbairn
852,Aviva,Vogeller
853,Marsh,Rosgen
854,Pennie,Pottage
855,Loydie,Snowball
856,Janella,Compson
857,Ranna,Gwilym
858,Tony,Farraway
859,Bartolomeo,Scibsey
860,Hugh,Wealleans
861,Jeff,Lacelett
862,Willdon,Swindall
863,Darb,Barley
864,Leshia,Cordey
865,Toinette,Rizzello
866,Rolph,Heathorn
867,Roanna,Ackland
868,Lauren,Ponte
869,Nelli,Zorro
870,Obediah,Whitmore
871,Welbie,Fortun
872,Lorne,Leibold
873,Godfree,Craighead
874,Lonnie,Yarnton
875,Britte,Gorusso
876,Audy,Phizacklea
877,Wallas,Dundredge
878,Christa,Angood
879,Britt,Britnell
880,Brod,Tubridy
881,Becky,Lowthian
882,Fin,Foord
883,Mace,Cosbey
884,Aluin,Emilien
885,Lelah,Lacroux
886,Olvan,Youde
887,Grace,Frascone
888,Tom,Stenning
889,Meggy,De Hooge
890,Arliene,Cornewall
891,Nero,Howsan
892,Glynn,Joye
893,Mellisa,Varne
894,Vanessa,Chapelhow
895,Franny,Cud
896,Yvor,MacGraith
897,Shari,Frayne
898,Elli,Lillford
899,Ianthe,Halward
900,Cristy,Brunel
901,Pooh,Dobeson
902,Evey,Sellek
903,Dinny,Antyshev
904,Aida,Beldom
905,Dorothy,Douse
906,Lowrance,Duffell
907,Gretal,Grasner
908,Karola,Flea
909,King,Marns
910,Joey,Bapty
911,Tamar,McReath
912,Niles,De Cleen
913,Hal,Hanley
914,Ellen,Skeldon
915,Tatiana,Goodie
916,Boigie,Titterrell
917,Brice,Chipperfield
918,Francisca,Bowton
919,Justine,Fearfull
920,Damiano,Farron
921,Cherrita,Hounsom
922,Andrew,Dunning
923,Gustavo,Mulran
924,Lydia,Main
925,Fremont,Tommaseo
926,Cale,Pearcy
927,Cheslie,Matussov
928,Lucille,Esslement
929,Windham,Bennough
930,Griffith,McMurrugh
931,Dane,Gilroy
932,Sharon,Abbess
933,Martina,Lyon
934,Barron,Melly
935,Anica,Hoodless
936,Kesley,Tunnow
937,Osmund,Orhtmann
938,Brana,Shipperbottom
939,Gale,Monkman
940,Stephen,Watkiss
941,Daloris,Cosslett
942,Dov,Reicherz
943,Rafaello,Scarsbrooke
944,Lurette,Walhedd
945,Brig,Trewman
946,Horatia,Goley
947,Tripp,Cowley
948,Gill,Peschet
949,Rosaleen,Daoust
950,Ruprecht,Orridge
951,Phyllys,Kleynen
952,Tobey,Paulich
953,Earle,Garrould
954,Claudianus,Glidder
955,Bartel,Blower
956,Nicolas,Calyton
957,Cull,Maryin
958,Yardley,Topley
959,Gates,Aspinall
960,Stacy,Sweet
961,Sax,Meth
962,Quinn,Brouard
963,Opaline,Whife
964,Adelice,Gotch
965,Eloisa,Disney
966,Standford,Faull
967,Trish,Wilshere
968,Hanna,Markham
969,Cleopatra,Pentercost
970,Aymer,Baybutt
971,Mahmud,Rapp
972,Eric,Digges
973,Doralynn,Poulton
974,Nevsa,Demaine
975,Cecile,Melin
976,Ophelia,Dorkens
977,Millie,Phillcox
978,Vikki,Applewhaite
979,Yves,Jinda
980,Farlee,Benka
981,Gaylord,Mossop
982,Meta,Spry
983,Johannah,Philcox
984,Tamqrah,Keates
985,Barton,Camocke
986,Delcina,Gabler
987,Kleon,Grimshaw
988,Karlene,Sutherby
989,Sim,Dimberline
990,Liesa,Beck
991,Benjie,Searchwell
992,Verne,Scorey
993,Dolorita,Karczinski
994,Baily,Tilby
995,Bernhard,Narramore
996,Siward,Helstrip
997,Dov,Lammin
998,Urbain,Bale
999,Dorine,Berryann
1000,Malchy,Greenside
