Plz,Ort
,Cipanjang
667999,Kyzyl
434 38,Kungsbacka
,Ayaviri
,Sumurgayam
,Hejiayan
8511,San Luis
55635,Buenavista
,Shangdu
,Gaoua
5030-304,Boavista
,Gaopai
,Cahuanuyo
3282,St. Anton an der Jeßnitz
40515,Lexington
4029,Debrecen
,Hecun
899-3221,Ijūin
,Shisandaogou
,Heping
75480-000,Petrolina de Goiás
5150-015,Almendra
66845 CEDEX,Perpignan
,Mārupe
,Zhongguanyi
4312,Beberon
356024,Aleksandrovskiy Zavod
253-0041,Chigasaki
2311,Ramos
,Xinyi
,Warugunung
,Chaviña
,Cicapar
,Xarag
83553,Parque Industrial
,Peuhaq
,Zacatecoluca
,Hwacheon
,Suqiaoxiang
,Jeruk
,Pasirbitung
83540-000,Rio Branco do Sul
,Marovoay
421 10,Västra Frölunda
,Fuquan
,Fareydūnshahr
0315,Oslo
43-330,Wilamowice
,Gutian
41905,Migrate
2419,Bulog
,May Pen
102753,Ivanovka
,Xiangshan
,Kladovo
28815,Asheville
,Penglai
,Banzhong
,Sikonge
,Antanifotsy
,Munse
,Lieyu
,Halimaung Jaya (F-3)
,Baohe
,Kombandaru
,Repatriación
,Cibitung
512 63,Borek
,Baixi
89-412,Sośno
1040,Butel
,Meukek
,Uzda
,Lanta Timur
,Saatlı
,Boca de Uchire
700 09,Örebro
09120,Karjalohja
413048,Algeciras
,Bantengan
,Masis
,Zhugang
,Ar Ramāḑīn
,Singabarong
77045,Houston
,Fushi
901-0361,Itoman
,Qingxi
1000,Sofia
,Kebonsari
,Kelasuri
3466,Curuzú Cuatiá
,Zvishavane
880-2215,Takahama
,Starychi
95690-000,Rolante
,El Obeid
,Danxi
,Shixiang
671 69,Hevlín
